{
  "project_info": {
    "project_number": "212527313657",
    "firebase_url": "https://herbalplants-ad68b-default-rtdb.firebaseio.com",
    "project_id": "herbalplants-ad68b",
    "storage_bucket": "herbalplants-ad68b.appspot.com"
  },
  "client": [
    {
      "client_info": {
        "mobilesdk_app_id": "1:212527313657:android:50d9fdd0ca1de0253ae828",
        "android_client_info": {
          "package_name": "com.example.herbalplants"
        }
      },
      "oauth_client": [],
      "api_key": [
        {
          "current_key": "AIzaSyBrRxs26T3xyX61Z18SZ6QSr9_9Peg98Oc"
        }
      ],
      "services": {
        "appinvite_service": {
          "other_platform_oauth_client": []
        }
      }
    }
  ],
  "configuration_version": "1"
}